address,end,size,name,bank,subsystem,status,source_hash,notes
$C0:0000,$C0:000D,14,ReentryVectors,$C0,Engine,readable,2ab26f722fe4,Mid-game JSL re-entry vector table.
$C0:000E,$C0:005C,79,GameLoop,$C0,Engine,readable,f5d4b62841d5,
$C0:005D,$C0:0071,21,GameLoop_Main,$C0,Engine,readable,a2f0ee696731,
$C0:0072,$C0:007C,11,GL_ModeOk1,$C0,Engine,readable,df6e56164d60,
$C0:007D,$C0:0096,26,GL_ModeOk2,$C0,Engine,readable,52da8d49b120,
$C0:0097,$C0:00BE,40,GameLoop_FrameBody,$C0,Engine,readable,28fff188e796,
$C0:00BF,$C0:00DD,31,VBlankHandler,$C0,Engine,readable,15772cdb1d16,"End-of-frame work, called once per frame from GameLoop_FrameBody (not an interrupt handler despite the name): Vblank_* helpers, EngFD_UnkC2C1, FdVec_FFF7 (earlier notes: waits for VBlank), Field_Proce"
$C0:00DE,$C0:00EA,13,VBlankHandlerShort,$C0,Engine,readable,ff47c56b47a0,VBlankHandlerShort: the EngFD_UnkC2C1 + FdVec_FFF7 part only.
$C0:00EB,$C0:00F3,9,Field_IdleFrame,$C0,Engine,readable,536f821d6872,"game logic: Field_FrameUpdate, VBlankHandlerShort, Sub_EC60."
$C0:00F4,$C0:011A,39,LoadLocation,$C0,Engine,readable,9ecd669e3fe1,One-time location-load called once per scene entry from GameLoop_Main.
$C0:011B,$C0:01A4,138,Field_SaveState,$C0,Engine,readable,f8422d9bd266,"(was Sub_011B.) Saves the field before handing control to bank $C2 (BankC2_Entry8000), so Field_RestoreState can rebuild it after: - if Field_Unk29 is set, force it to 1 and clear Field_Unk26/27; - co"
$C0:01A5,$C0:024B,167,Field_RestoreState,$C0,Engine,readable,0afe6772b1a8,(was Sub_01A5.) Rebuilds the field after a bank-$C2 round trip: 1.
$C0:0905,$C0:0917,19,Field_RestoreSaveBlock,$C0,Engine,readable,8c3e526500ae,"(was Sub_0905.) Copies SceneSave_Buffer ($7F:2000) back over Field_SaveBlock ($7E:0920, $14E0 bytes)."
$C0:0918,$C0:092A,19,Field_StashSaveBlock,$C0,Engine,readable,ee0ab598e3b8,"(was Sub_0918.) Copies Field_SaveBlock ($7E:0920, $14E0 bytes) to SceneSave_Buffer ($7F:2000)."
$C0:0B4E,$C0:0B63,22,InitHW,$C0,Engine,readable,e10cd19454cc,"Disables interrupts, enables forced blank, clears NMI/DMA/HDMA."
$C0:0B64,$C0:0B74,17,InstallNMI,$C0,Engine,readable,912c2eb7e664,Writes JML NmiHandler ($C0:EA63) into the RAM trampoline at $7E:0500.
$C0:0B75,$C0:0B85,17,InstallIRQ,$C0,Engine,readable,d8d7b944f972,Writes JML IrqHandler ($C0:ECCC) into the RAM trampoline at $7E:0504.
$C0:0B86,$C0:0C75,240,FrameStateInit,$C0,Engine,readable,61b9780bc6d3,"Called once per location load from GameLoop_Main (not per frame, despite the name)."
$C0:0C76,$C0:0D77,258,Field_SceneChangeTick,$C0,Engine,readable,8958b75bae68,"Steps the two fades requested in Field_FadeFlags, then acts on Field_SceneFlags: 0           nothing to do."
$C0:0D78,$C0:0E5E,231,ModeE6_Handler,$C0,Engine,readable,35726027687c,"Tile animation for map-tile state $E6: a 1x2 column, the tile at (Field_TileAnimX, Field_TileAnimY) and the one above it."
$C0:0E5F,$C0:1013,437,ModeEC_Handler,$C0,Engine,readable,968e837a5387,"Tile animation for map-tile state $EC: a 2x2 block, columns col..col+1, rows row-1..row."
$C0:1014,$C0:11C8,437,ModeEE_Handler,$C0,Engine,readable,e6ca3709791c,"Tile animation for map-tile state $EE: a 2x2 block, columns col-1..col, rows row-1..row (ModeEC_Handler mirrored)."
$C0:11C9,$C0:1453,651,ModeFA_Handler,$C0,Engine,readable,23c6ef3d2514,"Tile animation for map-tile state $FA: a 2-wide, 3-tall block, columns col..col+1, rows row-2..row."
$C0:1454,$C0:16DB,648,ModeFC_Handler,$C0,Engine,readable,f4e8de2dfe2a,"Tile animation for map-tile state $FC: a 2-wide, 3-tall block, columns col-1..col, rows row-2..row (ModeFA_Handler mirrored)."
$C0:16DC,$C0:18D8,509,DefaultHandler,$C0,Engine,readable,9c7976e96704,"The rest of Field_SceneChangeTick's request handling: reached by BRL when Field_SceneFlags bit 4 is clear or the tile mode is not one of the five Mode*_Handlers, by BRL at the end of ModeE6-FA, and by"
$C0:18D9,$C0:1984,172,Field_PauseAndMenuInput,$C0,Engine,readable,61e240c6d303,"(was Sub_18D9.) Per-frame pause and menu input, called from GameLoop_FrameBody before Field_SceneChangeTick."
$C0:1985,$C0:19C6,66,Field_FadeToBankC2Mode5,$C0,Engine,readable,a9fd5c099392,(was Sub_1985.) Called from Field_PauseAndMenuInput when Pad_Unk00F6 bit 0 is set.
$C0:19C7,$C0:1A02,60,Field_RunBankC2Mode5,$C0,Engine,readable,752a8681dc61,"(was Sub_19C7.) Calls BankC2_Entry8000 with A = 5, X = 0 (meaning of 5 unverified; earlier notes called it ""BG mode 5""), then reloads the field: restore state, re-init changed party members, move a pe"
$C0:1A03,$C0:1AAB,169,Party_ReinitIfChanged,$C0,Engine,readable,3f01af4128da,"(was Sub_1A03.) After a bank-$C2 round trip: if Party_Members no longer matches the copy taken at load (Party_MembersCache), re-run the init function of every character object that exists (Chr_ObjSlot"
$C0:1ADF,$C0:1B35,87,Sub_1ADF,$C0,Engine (unnamed),readable,e881a40ca89a,Leaf routine run by Field_PauseAndMenuInput when Field_Unk62 is set (and Pad_Unk00F6 bit 6 is clear); A = Field_Unk62.
$C0:1B36,$C0:1B52,29,Bg_TilemapIndex64x32,$C0,Engine,readable,ae1d4b66bede,(was Sub_1B36.) Word offset of an 8x8 tile in a 64x32 BG tilemap made of two 32x32 screens side by side.
$C0:1B90,$C0:1B91,2,Audio_PlayTileSfxA,$C0,Engine,readable,b7a233ce130c,"(was Sub_1B90.) Plays sound effect Audio_SfxTileAnimA through the sound driver: Audio_CmdId = $19 (play effect), Arg0 = effect id, Arg1 = the party leader's Obj_SfxArg."
$C0:1B92,$C0:1BA6,21,Audio_PlaySfxAtLeader,$C0,Engine,readable,cc8c4746bdc5,
$C0:1BA7,$C0:1BAA,4,Audio_PlayTileSfxB,$C0,Engine,readable,562b84380d13,"(was Sub_1BA7.) Plays sound effect Audio_SfxTileAnimB: same as Audio_PlayTileSfxA with the other effect id, sharing its tail Audio_PlaySfxAtLeader."
$C0:1F24,$C0:1F59,54,Fade_StepBrightness,$C0,Engine,readable,f5119270db8e,(was Sub_1F24.) Brightness fade: steps Fade_Brightness one unit toward Fade_BrightnessTarget every Fade_BrightnessDelay+1 frames and clears FadeFlag_Brightness when it gets there (or reaches 0 going d
$C0:1F5A,$C0:1F86,45,Fade_StepFixedColor,$C0,Engine,readable,fe5c82eb9fdd,(was Sub_1F5A.) Fixed-colour fade: steps Fade_FixedColor one unit toward Fade_FixedColorTarget every Fade_FixedColorDelay+1 frames and clears FadeFlag_FixedColor when it gets there.
$C0:2824,$C0:2847,36,Field_FadeInAfterReload,$C0,Engine,readable,dc359ca1e1c0,"(was Sub_2824.) Fade-in after a reload: unless Scene_ReloadStep returns nonzero, raises Fade_Brightness one step per frame (input disabled around Field_FrameUpdate) until it reaches full brightness."
$C0:2DF1,$C0:2E1D,45,ClearRAMDMA,$C0,Engine,readable,a7d31cdfb739,"Zeros a WRAM region via DMA channel 7, sourcing from MPYL (always 0 since M7A=M7B=0)."
$C0:595C,$C0:597C,33,Evt_RunObj0Func1,$C0,Engine,readable,f2047768a692,"(was Sub_595C.) Runs one event-script function of object 0: the offset stored at Evt_Data+2 (object 0's second function pointer), executing opcodes through Evt_OpcodeTable until opcode $00."
$C0:597D,$C0:59D8,92,Evt_RunObjInit,$C0,Engine,readable,d4d8f56af68d,"(was Sub_597D.) Runs object Obj_Cur's init function: the first of its 16 function offsets (Evt_Data + Obj_Cur*16, i.e."
$C0:B192,$C0:B1B1,32,Obj_ResetStates,$C0,Sprites & objects,readable,30448da1dd03,"(was Sub_B192.) Clears Obj_State for every object the location defines (count in Evt_ObjCount), pointing DP at the Obj_State table so each clear is a 2-byte dp store, then tail-jumps to SprBuf_FreeAll"
$C0:B271,$C0:B2A7,55,PostVBlank,$C0,Engine,readable,322effc721a3,"Rebuilds the OAM shadow ($0700 low table, $0900 high table) for the frame."
$C0:B2A8,$C0:B2B1,10,PV_SpriteLoop,$C0,Engine,readable,5b0eeb49e66a,
$C0:B2B2,$C0:B2BF,14,PV_CheckChain,$C0,Engine,readable,c5f564ab0c6b,
$C0:B2C0,$C0:B2C7,8,PV_NextSprite,$C0,Engine,readable,8b91176ef1f5,
$C0:B2C8,$C0:B2D7,16,PV_FillRange1,$C0,Engine,readable,118b4a76b2cb,
$C0:B2D8,$C0:B2DD,6,PV_EndRange1,$C0,Engine,readable,e7c230e38649,
$C0:B2DE,$C0:B2ED,16,PV_FillRange2,$C0,Engine,readable,c94cbc3b3769,
$C0:B2EE,$C0:B2F3,6,PV_EndRange2,$C0,Engine,readable,d0ea676042da,
$C0:B2F4,$C0:B303,16,PV_FillRange3,$C0,Engine,readable,40c5ee3fe7f6,
$C0:B304,$C0:B308,5,PV_EndRange3,$C0,Engine,readable,09d036d33e90,
$C0:B309,$C0:B700,1016,Spr_AppendToOam,$C0,Engine,readable,704d22fa9ee9,(was Sub_B309.) Appends object Obj_Cur's sprite to the OAM shadow.
$C0:B701,$C0:B787,135,Spr_PrepareTiles,$C0,Engine,readable,854587e7b313,(was Sub_B701.) Brings object Obj_Cur's SprTile records up to date before Spr_AppendToOam copies them.
$C0:B788,$C0:B8C9,322,Spr_Place4,$C0,Engine,readable,8c66615d624d,"(was Sub_B788.) Re-places a 4-tile (size 0) object: with DB=$7F, each SprTile record's X = Spr_BaseX + OfsX (bit 8 packed into Obj_OamHiA with the large-size bits) and Y = Spr_BaseY + OfsY, clamped to"
$C0:B8CA,$C0:BA64,411,Spr_Load4,$C0,Engine,readable,8ee8faab8a72,"(was Sub_B8CA.) Builds a 4-tile (size 0) object's SprTile records from SprTileSrc (OfsX, OfsY, Tile/Attr), placing them at the object's position as Spr_Place4 does."
$C0:BA65,$C0:BCDB,631,Spr_Place8,$C0,Engine,readable,57ca296efb65,(was Sub_BA65.) Re-places an 8-tile (size 1) object from its existing SprTile records (2 high-table bytes).
$C0:BCDC,$C0:BFF1,790,Spr_Load8,$C0,Engine,readable,5b7fa6817e78,(was Sub_BCDC.) Builds an 8-tile (size 1) object's SprTile records from SprTileSrc and places them.
$C0:BFF2,$C0:C2BE,717,Spr_Place12,$C0,Engine,readable,3ed5054b8c39,"(was Sub_BFF2.) Re-places a 12-tile (size 2) object from its existing SprTile records (3 high-table bytes: Obj_OamHiA, +1, Obj_OamHiB)."
$C0:C2BF,$C0:C6E6,1064,Spr_Load12,$C0,Engine,readable,7fe98d7fb9ac,(was Sub_C2BF.) Builds a 12-tile (size 2) object's SprTile records from SprTileSrc and places them.
$C0:C6E7,$C0:C739,83,Spr_PackHiBits4,$C0,Engine,readable,5925f2aa665d,"(was Sub_C6E7.) For the 4 SprTile records starting at X: X = Spr_BaseX + OfsX, and returns in A the OAM high-table byte for them (X bit 8 of each, large-size bits set)."
$C0:C73A,$C0:C989,592,Spr_Place24,$C0,Engine,readable,788f53c3bcba,"(was Sub_C73A.) Re-places a 24-tile (size 3) object: six Spr_PackHiBits4 groups fill Obj_OamHiA/B/C, then all 24 Y positions are rebuilt from Spr_BaseY + OfsY with the clamp variant chosen by Spr_Base"
$C0:C98A,$C0:CA75,236,Obj_AnimTickAndQueue,$C0,Sprites & objects,readable,332ba6466ad1,"Per-object animation tick, called for object Obj_Cur from the object loop ($C0:A832, $C0:A878)."
$C0:CA76,$C0:CAD8,99,Field_ProcessAnimQueue,$C0,Engine,readable,9acee87c6e33,"Builds queued object frames while there is time left in the frame, called from VBlankHandler."
$C0:CAD9,$C0:CB09,49,Obj_BuildSpriteFrameStep,$C0,Sprites & objects,readable,965376797d94,"One step of building object Obj_Cur's current frame, graphics included: skips (C=0) unless Obj_Unk1100 bit 7 is clear, Obj_Unk1A81 is 1..$7F and Obj_Unk0F00 is nonzero; then by size class tail-calls O"
$C0:CB0A,$C0:CB39,48,Obj_BuildFrameLayout,$C0,Sprites & objects,readable,dfed7ba9033b,"(was Sub_CB0A.) Like Obj_BuildSpriteFrameStep, but for objects whose tiles are already in VRAM: tail-calls Obj_FrameLayout4 / 8 / 12, which only rewrite the SprTile records for Obj_LastFrame."
$C0:CB3A,$C0:CBDB,162,Obj_AnimFrameLookup,$C0,Sprites & objects,readable,78cad7038795,"(was Sub_CB3A.) Returns in A the frame number object X should show: Anim_FramePtr = Obj_AnimFrameTbl + (facing-dependent multiple of Obj_AnimFacingStride: 0 for facing 0, 1 for negative, 2 for 2, 3 fo"
$C0:CBDC,$C0:CDC7,492,Obj_BuildFrame4,$C0,Sprites & objects,readable,9e0b81cc9c82,"(was Sub_CBDC.) Builds frame A (Obj_FixedFrame in mode 3, else Obj_AnimFrameLookup) of a 4-tile object, in one pass."
$C0:CDC8,$C0:CEF4,301,Obj_FrameLayout4,$C0,Sprites & objects,readable,38f6c5234ce0,"(was Sub_CDC8.) Rewrites the 4 SprTile records of a 4-tile object for Obj_LastFrame directly (tiles already in VRAM): offsets from the frame record, Tile = Obj_VramTile + 2n, attributes as in Obj_Buil"
$C0:CEF5,$C0:D123,559,Obj_BuildFrame8,$C0,Sprites & objects,readable,24ea0fd9bee6,(was Sub_CEF5.) Builds the current frame of an 8-tile object.
$C0:D124,$C0:D289,358,Obj_FrameLayout8,$C0,Sprites & objects,readable,90e647ad4d63,"(was Sub_D124.) As Obj_FrameLayout4 for an 8-tile object (frame record 80 bytes, positions after 32 tile words); the first four tiles take Obj_PrioLow, the last four Obj_PrioHigh."
$C0:D28A,$C0:D30C,131,Obj_BuildFrame8Pass0,$C0,Sprites & objects,readable,94cb63a929f2,"(was Sub_D28A.) First pass of an 8-tile frame: look the frame up, SprBuf_Alloc2, copy tiles 0-15 into the first chunk, INC Obj_State, return C=1 (more to do)."
$C0:D30D,$C0:D4F6,490,Obj_BuildFrame8Pass1,$C0,Sprites & objects,readable,e13d8476b05a,"(was Sub_D30D.) Second pass: tiles 16-31 into the second chunk (Obj_TileBuf + $200), queue the VRAM upload, write the 8 SprTileSrc records, INC Obj_State; C=0."
$C0:D4F7,$C0:D545,79,Obj_BuildFrame12,$C0,Sprites & objects,readable,e053bdc59b44,"Obj_BuildFrame12Pass0 tail that follows it) (was Sub_D4F7.) Builds the current frame of a 12-tile object over three passes chosen by the Obj_State count (0 / 1 / 2+), each with an ""Alt"" variant when O"
$C0:D546,$C0:D607,194,Obj_BuildFrame12Pass0,$C0,Sprites & objects,readable,5fa0a4e6cc02,"(was Sub_D546.) Pass 0: frame lookup, SprBuf_Alloc3, tiles 0-7 to the buffer start and tiles 8-15 to +$200, INC Obj_State; C=1."
$C0:D608,$C0:D68A,131,Obj_BuildFrame12Pass0Alt,$C0,Sprites & objects,readable,90643c280b74,"(was Sub_D608.) Pass 0, $68 layout: tiles 0-15 in one run to the buffer start."
$C0:D68B,$C0:D737,173,Obj_BuildFrame12Pass1,$C0,Sprites & objects,readable,da9588e8fa38,"(was Sub_D68B.) Pass 1: tiles 16-23 to +$100, tiles 24-31 to +$300; INC Obj_State; C=1."
$C0:D738,$C0:D7E4,173,Obj_BuildFrame12Pass1Alt,$C0,Sprites & objects,readable,d3f855e77cd1,"(was Sub_D738.) Pass 1, $68 layout: tiles 16-23 to +$200, tiles 24-31 to +$400."
$C0:D7E5,$C0:DA68,644,Obj_BuildFrame12Pass2,$C0,Sprites & objects,readable,7ca5d24cf3a0,"(was Sub_D7E5.) Pass 2: tiles 32-47 to +$400, queue the VRAM upload, write the 12 SprTileSrc records (tiles in rows of 8 then 4), INC Obj_State; C=0."
$C0:DA69,$C0:DD27,703,Obj_BuildFrame12Pass2Alt,$C0,Sprites & objects,readable,5b2d46da5ad8,"(was Sub_DA69.) Pass 2, $68 layout: tiles 32-39 to +$300 and 40-47 to +$500, queue the upload, write the 12 SprTileSrc records (rows of 4 then 8); C=0."
$C0:DD28,$C0:E129,1026,Obj_FrameLayout12,$C0,Sprites & objects,readable,063d2742af8d,"(was Sub_DD28.) As Obj_FrameLayout4 for a 12-tile object (frame record 120 bytes, positions after 48 tile words), with the two tile-number layouts of the 12-tile builders (Obj_VramTile = $68 → .dd28_a"
$C0:E12A,$C0:E533,1034,Spr_LoadLargeObj,$C0,Engine,readable,649ec44a8c64,"(was Sub_E12A.) Loads a 24-tile (""large"", size 3) object in one go."
$C0:E534,$C0:E686,339,Spr_CopyTileFlipped,$C0,Engine,readable,013b27fc5b0b,"(was Sub_E534.) Copies one 32-byte 4bpp tile, mirrored left-right, from Spr_GfxPtr + (tile number × 32) to the WRAM tile buffer through WMDATA: each byte goes through BitReverseTable ($C0:FD00), which"
$C0:E687,$C0:E738,178,Spr_CopyTile,$C0,Engine,readable,f6b105073a90,"(was Sub_E687.) Copies one 32-byte 4bpp tile from Spr_GfxPtr + (tile number × 32) to Spr_WramPtr in bank $7F, then moves WMADD past it so a following Spr_CopyTileFlipped writes the next tile."
$C0:E739,$C0:E7BB,131,Spr_CopyTileD4,$C0,Engine,readable,67e2639b8a1b,Copies a 32-byte tile from GfxRom_D4+X to $7F:Y (BRL from Spr_CopyTile when the graphics are in bank $D4).
$C0:E7BC,$C0:E83E,131,Spr_CopyTileD2,$C0,Engine,readable,808b65c0cc01,Copies a 32-byte tile from GfxRom_D2+X to $7F:Y (BRL from Spr_CopyTile when the graphics are in bank $D2).
$C0:E83F,$C0:E8C1,131,Spr_CopyTileD3,$C0,Engine,readable,6d41f162d481,Copies a 32-byte tile from GfxRom_D3+X to $7F:Y (BRL from Spr_CopyTile when the graphics are in bank $D3).
$C0:E8C2,$C0:E934,115,Spr_CopyTile7F,$C0,Engine,readable,90670945851e,"Copies a 32-byte tile from $7F:X to $7F:Y (BRL from Spr_CopyTile when the graphics are already in WRAM); abs,X reads since DB = $7F."
$C0:E935,$C0:E951,29,SprBuf_FreeAll,$C0,Engine,readable,da9e5da5fff0,"(was Sub_E935.) Marks all eight SprBuf_Owner entries free ($80), with DP pointed at $0B00 so each store is a 2-byte dp store."
$C0:E952,$C0:E979,40,SprBuf_Alloc1,$C0,Engine,readable,9da2c65f5286,"(was Sub_E952.) Gives object Obj_Cur one $200-byte chunk of the WRAM tile buffer: the first free entry n (0-3) of SprBuf_Owner gets Obj_Cur, and Obj_TileBuf = SprBuf_Base + n*$200."
$C0:E97A,$C0:E9A9,48,SprBuf_Alloc2,$C0,Engine,readable,b967c2e90f21,(was Sub_E97A.) As SprBuf_Alloc1 for two adjacent free chunks (start entries 0-2).
$C0:E9AA,$C0:E9E1,56,SprBuf_Alloc3,$C0,Engine,readable,36f58475f979,(was Sub_E9AA.) As SprBuf_Alloc1 for three adjacent free chunks (start entries 0-1).
$C0:E9E2,$C0:E9FE,29,SprBuf_Free1,$C0,Engine,readable,0c6a5697d5e2,
$C0:E9FF,$C0:EA1E,32,SprBuf_Free2,$C0,Engine,readable,7bccff6d4790,
$C0:EA1F,$C0:EA41,35,SprBuf_Free3,$C0,Engine,readable,b256ab1b7893,
$C0:FF00,$C0:FF0F,16,Reset,$C0,Boot,verified,208b0705c41c,The CPU comes out of reset in emulation mode with I already set.
$C0:FF10,$C0:FF13,4,NMI_Stub,$C0,Boot,verified,b4be75de9340,Native-mode interrupt stubs ($FF10–$FF17)
$C0:FF14,$C0:FF17,4,IRQ_Stub,$C0,Boot,verified,bd12634e9770,
$C0:FF18,$C0:FF1F,8,BRK_Handler,$C0,Boot,verified,5084e9025e2a,"A crash trap: it reads a fixed, recognizable address forever and never returns."
$C0:FF20,$C0:FF27,8,BitSet,$C0,Engine,verified,67df1a0aff8b,"Bitmask lookup tables ($FF20–$FF2F) BitSet[N] = (1 << N), BitClear[N] = ~(1 << N), for N = 0..7."
$C0:FF28,$C0:FF2F,8,BitClear,$C0,Engine,verified,012bbbcead94,
$C0:FF30,$C0:FF6F,64,ScrollWaveA,$C0,Engine,verified,c6cbab686ed4,"Wave tables ($FF30–$FFAF) One period of a sine-like wave between -6 and +6 (32 signed 16-bit entries), stored twice."
$C0:FF70,$C0:FFAF,64,ScrollWaveB,$C0,Engine,verified,4a7da0a8b51b,
$C0:FFB0,$C0:FFBC,13,RomExtHeader,$C0,ROM header,verified,1dcc24864b33,"SNES cartridge header ($FFB0–$FFDF), standard layout"
$C0:FFBD,$C0:FFBD,1,RomExpansionRam,$C0,ROM header,verified,4a10f4fbea5d,
$C0:FFBE,$C0:FFBE,1,RomSpecialVersion,$C0,ROM header,verified,e01cc8c6afac,
$C0:FFBF,$C0:FFBF,1,RomCartridgeSubtype,$C0,ROM header,verified,6c2cda2586f8,
$C0:FFC0,$C0:FFD4,21,ROMTitle,$C0,ROM header,verified,dd0883bd0760,
$C0:FFD5,$C0:FFD5,1,RomMapMode,$C0,ROM header,verified,0f84279bb47f,
$C0:FFD6,$C0:FFD6,1,RomType,$C0,ROM header,verified,04c3c05561f6,
$C0:FFD7,$C0:FFD7,1,RomSize,$C0,ROM header,verified,753bbf27c372,
$C0:FFD8,$C0:FFD8,1,RomSramSize,$C0,ROM header,verified,5da94208e63c,
$C0:FFD9,$C0:FFD9,1,RomRegion,$C0,ROM header,verified,d4f657cb4395,
$C0:FFDA,$C0:FFDA,1,RomDeveloperId,$C0,ROM header,verified,e0cc47ba5fa5,
$C0:FFDB,$C0:FFDB,1,RomVersion,$C0,ROM header,verified,310a0a5fa6af,
$C0:FFDC,$C0:FFDD,2,RomChecksumComplement,$C0,ROM header,verified,422bc75831ed,
$C0:FFDE,$C0:FFDF,2,RomChecksum,$C0,ROM header,verified,b0c39e035e55,
$C0:FFE0,$C0:FFFF,32,RomVectors,$C0,ROM header,verified,7411a2f15cbb,Interrupt vector table ($FFE0–$FFFF) Native mode: $FFE4–$FFEF.
$C1:0089,$C1:00A6,30,Battle_Mul8,$C1,Battle engine,readable,491cac6d448f,8×8→16 HW multiply via WRMPYA/WRMPYB/RDMPYL.
$C1:00A7,$C1:00D6,48,Battle_MulAccum,$C1,Battle engine,readable,41219e69bddd,"8×16→24 multiply in two hardware passes (despite the name, nothing is accumulated from the caller: the top byte is zeroed first): pass 1: Factor8 × low byte of Factor16  -> Product+0/+1 pass 2: Factor"
$C1:00D7,$C1:010C,54,Battle_Divide,$C1,Battle engine,readable,639a2a1b5ac4,16÷8 HW divide via $4204/$4205/$4206/$4214.
$C1:010D,$C1:0110,4,Battle_ShiftLeft7,$C1,Battle engine,readable,bb2d214c96cb,"$C1:010D–$C1:011E — Shift helpers (18 bytes, $010D–$011E) Overlapping fall-through stubs for power-of-2 left/right shifts on A."
$C1:0111,$C1:0111,1,Battle_ShiftLeft4,$C1,Battle engine,readable,77e03f9cac8b,
$C1:0112,$C1:0115,4,Battle_ShiftLeft3,$C1,Battle engine,readable,fe9eb52af7ca,
$C1:0116,$C1:0117,2,Loc_C10116,$C1,Engine,readable,73e069287465,
$C1:0118,$C1:0118,1,Battle_ShiftRight6,$C1,Battle engine,readable,91b05803d8eb,
$C1:0119,$C1:0119,1,Battle_ShiftRight5,$C1,Battle engine,readable,d4172c45304d,
$C1:011A,$C1:011A,1,Battle_ShiftRight4,$C1,Battle engine,readable,d022f8f89c7c,
$C1:011B,$C1:011E,4,Battle_ShiftRight3,$C1,Battle engine,readable,26c7786bd957,
$C1:011F,$C1:0173,85,BattleMsg_FormatNumberDigits,$C1,Battle text & numbers,readable,faffd844d304,"Format the 16-bit value in !BattleMsg_NumValue (0-999) into digit tiles: !BattleMsg_Digit1000 = blank, Digit100 / Digit10 / Digit1 = digits, tiles looked up in !BattleRom_DigitTiles."
$C1:0174,$C1:01A8,53,Battle_DivTen9499,$C1,Battle engine,readable,66a2809eed34,Two-digit variant of BattleMsg_FormatNumberDigits: formats !BattleMsg_NumValue as tens+ones only.
$C1:01A9,$C1:01F8,80,BattleMsg_ReencodeTextBuffer,$C1,Battle text & numbers,readable,a77bd18a0258,"Back up the 16 raw text bytes the caller left in !BattleMsg_TextTiles to !BattleMsg_TextSource, blank both tile rows (TextTiles/TextTopTiles), then re-encode each text byte into a lower-row tile (Text"
$C1:01F9,$C1:0221,41,Battle_SinLookup,$C1,Battle engine,readable,c727d310265b,
$C1:0222,$C1:0298,119,Calc_Delta16,$C1,Engine,readable,9170c794a164,Direction angle between two screen points (256 units per turn).
$C1:0299,$C1:0304,108,BattleUI_BuildStatusBarFrame,$C1,Battle status bar,readable,ee10d8f3505f,
$C1:0305,$C1:04C4,448,BattleUI_DrawPcNamePanel,$C1,Battle status bar,readable,752cdd05da8e,
$C1:04C5,$C1:05A6,226,BattleUI_NextNamePanel,$C1,Battle status bar,readable,31787cef250a,
$C1:05A7,$C1:06DA,308,BattleUI_UpdateNextPcPanel,$C1,Battle status bar,readable,c2c52f54c06b,
$C1:06DB,$C1:06EE,20,Battle_DrawHpBars,$C1,Battle engine,readable,b0e5870dae8f,
$C1:06EF,$C1:06EF,1,UpdateNpc_exit,$C1,Engine,readable,9ff8c3dea8b6,
$C1:06F0,$C1:0784,149,BattleUI_DrawSlotGaugeBar,$C1,Battle status bar,readable,7e6d21636150,
$C1:0785,$C1:081D,153,BattleSys_SlotPanelRefresh,$C1,Battle system,readable,d054570c4843,
$C1:081E,$C1:0871,84,BattleMenu_DrawReadyWindowEdges,$C1,Battle menu,readable,619594a2cb56,
$C1:0872,$C1:08E7,118,BattleUI_ClearActivePanelColumn,$C1,Battle status bar,readable,e4c2eea52432,
$C1:08E8,$C1:0928,65,BattleUI_SetPanelAttrColumn,$C1,Battle status bar,readable,ee4edbd1d68c,For PC slot A: look up the slot's offset in !BattleRom_AttrColumnL1 (layout 1) or !BattleRom_AttrColumnL02 (layouts 0 and 2) and set the attribute of a 5-wide × 2-high block of status-map cells to pal
$C1:0929,$C1:095C,52,BattleMenu_DrawWindowEdgeStrip,$C1,Battle menu,readable,dd0809c05dbb,
$C1:095D,$C1:09AF,83,BattleMenu_RenderItemListRows,$C1,Battle menu,readable,4a4283795f21,
$C1:09B0,$C1:0A86,215,BattleMenu_RenderItemRow,$C1,Battle menu,readable,12032779cfec,
$C1:0A87,$C1:0A87,1,CODE_JP_C10A87,$C1,Engine,readable,2eaaeaac91fa,
$C1:0A88,$C1:0AD2,75,BattleMenu_RenderTechListRows,$C1,Battle menu,readable,6006e8423467,
$C1:0AD3,$C1:0B0A,56,BattleMenu_BuildTechAvailFlags,$C1,Battle menu,readable,0ccc2d3e6c87,
$C1:0B0B,$C1:0BB5,171,BattleMenu_RenderTechRow,$C1,Battle menu,readable,5450dca7f99b,"Renders one tech-list line: blanks the text rows (!BattleMsg_TextTiles / TextTopTiles), fills them by the line code !Tech_ListCode[TechCodeIdx], and copies them into the tech text buffer at !BattleMen"
$C1:0BB6,$C1:0BD2,29,CODE_JP_C10BB6,$C1,Engine,readable,e3fd77921a91,"Blank-line / header exit path of BattleMenu_RenderTechRow: advances !BattleMenu_TechRowNum, blanks the lead cells, then copies 18 lower-row tiles from !BattleMsg_TextTiles into the line from col 3 (pa"
$C1:0BD3,$C1:0BFF,45,BattleMenu_BlankMpCostDigits,$C1,Battle menu,readable,87afc17949cd,"Blanks cols 3-5 (left of the name) on both rows of the tech-list line at !BattleMenu_RowMapOffset (blank tile, palette 3)."
$C1:0C00,$C1:0C2C,45,CODE_JP_C10C00,$C1,Engine,readable,495500541b89,"Tech-name exit path of BattleMenu_RenderTechRow: blanks cols 17-20 (right of the 11-tile name) on both rows of the line (blank tile, palette 3)."
$C1:0C2D,$C1:0C45,25,BattleMenu_UpdateWindows,$C1,Battle menu,readable,4510786d3153,Per-frame window upkeep dispatcher.
$C1:0C46,$C1:0C48,3,CODE_C10C46,$C1,Engine,readable,f100e6f42dbf,
$C1:0C49,$C1:0C82,58,BattleMenu_UpdateMainWindow,$C1,Battle menu,readable,aa1b55475471,Main command-window upkeep (submenu 0): - If !BattleMenu_RosterIdx differs from !BattleMenu_RosterIdxDrawn: reload the command window map and rebuild the status bar.
$C1:0C83,$C1:0E59,471,BattleMenu_UpdateTechWindow,$C1,Battle menu,readable,bdb11aedac9a,
$C1:0E5A,$C1:0EB9,96,BattleMenu_DrawTechCursorRow,$C1,Battle menu,readable,2e73276c82a7,
$C1:0EBA,$C1:0EE0,39,BattleMenu_ClearTechCursorTiles,$C1,Battle menu,readable,6b152e20eed0,Blanks cols 1-2 (the row-cursor columns) of all 6 tech-window rows.
$C1:0EE1,$C1:0F27,71,BattleMenu_UpdateTechMpAvail,$C1,Battle menu,readable,80afd91a6a7d,
$C1:0F28,$C1:0F56,47,CODE_JP_C10F28,$C1,Engine,readable,4bed02b5928a,
$C1:0F57,$C1:0F61,11,_ump_check_fd,$C1,Engine,readable,4d9653d6d117,
$C1:0F62,$C1:0F65,4,_ump_set_bright,$C1,Engine,readable,da37d9580d02,
$C1:0F66,$C1:0F68,3,CODE_C10F66_JMP,$C1,Engine,readable,efb036b61102,
$C1:0F69,$C1:0F8E,38,_ump_check_battler,$C1,Engine,readable,96d1139aa71e,
$C1:0F8F,$C1:0F9F,17,_ump_pc1_ok,$C1,Engine,readable,9a79e9261dc1,
$C1:0FA0,$C1:0FB0,17,_ump_pc2_ok,$C1,Engine,readable,418bb4cb5769,
$C1:0FB1,$C1:0FD4,36,_ump_pc3_ok,$C1,Engine,readable,6f03f6e62aa8,
$C1:0FD5,$C1:0FF0,28,_ump_slot_ready,$C1,Engine,readable,d6a7c5a52ae6,
$C1:0FF1,$C1:1000,16,_ump_write_bright,$C1,Engine,readable,24aeb1ec2361,
$C1:1001,$C1:100E,14,_L1001,$C1,Engine,readable,b0df31582f5b,
$C1:100F,$C1:103C,46,CODE_JP_C1100F,$C1,Engine,readable,b5af1bff666d,
$C1:103D,$C1:103D,1,CODE_JP_C1103D,$C1,Engine,readable,c974e5d65b7f,
$C1:103E,$C1:104D,16,BattleSys_SlotMenuReadyPredicate,$C1,Battle system,readable,d5bebdee8203,Returns A=0 if PC slot !BattleMenu_ReadySlotArg is menu-ready: in the roster (!BattleMenu_Roster entry not negative) and !Pc_LockStatus clear; nonzero otherwise.
$C1:104E,$C1:106D,32,BattleMsg_BlankLeadingZeros,$C1,Battle text & numbers,readable,35d2cbb0e94c,Leading-zero suppression for the number formatter's digits.
$C1:10E3,$C1:10F9,23,BattleMenu_RefreshIfDirtyL,$C1,Battle menu,readable,d935d35fdc5f,"JSL-entry twin of BattleMenu_RefreshIfDirtyAndTick, reached via the bank's cross-bank entry-vector table: JSL $C10012 -> JMP $C110E3."
$C1:10FA,$C1:1114,27,BattleMenu_RefreshIfDirtyAndTick,$C1,Battle menu,readable,e03f2ee6ee7e,"Same-bank JSR twin of BattleMenu_RefreshIfDirtyL — identical dirty- flag gate and menu rebuild chain, but always follows up with a cross-bank per-frame service tick (BattleSys_FrameTickVec) before ret"
$C1:1115,$C1:1152,62,BattleMenu_DrawCursorSprites,$C1,Battle menu,readable,839d819d206c,"Builds OAM sprites 0-3 (BattleOam) for the command cursor over the shown PC: each of the 4 template sprites in BattleRom_CursorSprite is offset by the PC's !Battler_ScreenX/Y, and its palette bits are"
$C1:1153,$C1:11E0,142,BattleMenu_ProcessInput,$C1,Battle menu,readable,a4531738ad96,"Battle command-window input handler, called once per frame from the menu dirty-flag gates (RefreshIfDirtyL/AndTick)."
$C1:11E1,$C1:1217,55,BattleMenu_CycleActivePcPrev,$C1,Battle menu,readable,6680fedbdbc5,"Left D-pad: step !BattleMenu_RosterIdx back (wrap 0..2), skipping roster entries that are negative."
$C1:1218,$C1:124F,56,BattleMenu_CycleActivePcNext,$C1,Battle menu,readable,a540f0b5c667,Right D-pad: mirror of CycleActivePcPrev — steps !BattleMenu_RosterIdx forward (wrap at 3 back to 0) instead.
$C1:1250,$C1:1263,20,BattleMenu_CursorUp,$C1,Battle menu,readable,9cf2b69020ea,Up D-pad: step the shown PC's !Pc_MenuRow back (wrap 0..2) and flag the cursor redraw (!BattleUI_PanelRedraw).
$C1:1264,$C1:127A,23,BattleMenu_CursorDown,$C1,Battle menu,readable,b157ea8e58b5,Down D-pad: step the shown PC's !Pc_MenuRow forward (wrap at 3 back to 0) and flag the cursor redraw (!BattleUI_PanelRedraw).
$C1:127B,$C1:129B,33,BattleMenu_ConfirmCommand,$C1,Battle menu,readable,b5a85d167251,"Confirm-button dispatch: sets !BattleUI_UnkA0D7 to $FF (compared by BattleUI_BuildStatusBarFrame with the first selected target), calls BattleFx_SetPtrA2FromTable for the shown PC, then tail-jumps on "
$C1:129C,$C1:12BB,32,BattleMenu_ChooseAttack,$C1,Battle menu,readable,0e67b2d254f7,"Row 0 (Attack) confirm: message call with ""none"", flags the cursor redraw (twice), sets !BattleTgt_Mode = attack, !BattleMenu_CmdMenu = 0, builds the target list, then enters target selection."
$C1:12BC,$C1:12EC,49,BattleMenu_OpenTechList,$C1,Battle menu,readable,2dd9a037bd9e,"Row 1 (Tech) confirm: unless !BattleMenu_Lock bit 0 is set, renders the tech list lines, builds !Tech_ListAvail, switches to the tech list (!BattleMenu_Submenu = !BattleMenu_CmdMenu = 1) and requests "
$C1:12ED,$C1:131F,51,BattleMenu_OpenItemList,$C1,Battle menu,readable,be86b56a6695,"Row 2 (Item) confirm: unless !BattleMenu_Lock is non-zero, renders the item list at !BattleMenu_ItemScroll, queues the item map upload, copies the item box frame (!BattleRom_ItemBoxMap, ""ItemBoxBattle"
$C1:1320,$C1:1368,73,BattleMenu_TechListInput,$C1,Battle menu,readable,f4a33d0e4599,
$C1:1369,$C1:138E,38,BattleMenu_TechConfirm,$C1,Battle menu,readable,1d1b76620ad4,Confirms the highlighted tech: aborts unless the rows have been graded (!BattleMenu_TechAvailDone) and Tech_CursorEntry.Flags bit 7 is clear.
$C1:138F,$C1:13AC,30,BattleMenu_TechListCancel,$C1,Battle menu,readable,0266a40ba395,"Closes the tech list: reload the command window, back to the main menu, force a window rebuild, and restore this PC's saved tech-list cursor (!Pc_SavedTechRow / SavedTechScroll -> !Pc_TechRow / TechSc"
$C1:13AD,$C1:13F3,71,BattleMenu_TechListPrev,$C1,Battle menu,readable,e4b26826ce97,
$C1:13F4,$C1:143C,73,BattleMenu_TechListNext,$C1,Battle menu,readable,ad94d6052ff5,"Down/Right in the tech list: mirror of TechListPrev — walks forward instead of backward, bounded by the list length (!Pc_TechCount) instead of the start of the list, and scrolls down instead of up whe"
$C1:143D,$C1:1497,91,BattleMenu_ItemListInput,$C1,Battle menu,readable,967b71c1b4ca,Per-frame input handler while the item list is open (submenu 2).
$C1:1498,$C1:14DA,67,BattleMenu_ItemConfirm,$C1,Battle menu,readable,5c7616786862,
$C1:14DB,$C1:14EB,17,BattleMenu_ItemListCancel,$C1,Battle menu,readable,7a64abc98bd9,"Closes the item list: reload the command window, back to the main menu, force a window rebuild, and invalidate the scroll-arrow cache."
$C1:14EC,$C1:1501,22,BattleMenu_ItemCursorUp,$C1,Battle menu,readable,7376a34687a7,"Up/Left in the item list: decrement !BattleMenu_ItemRow, scrolling the list up via ItemListScrollUp when already at the top row."
$C1:1502,$C1:151B,26,BattleMenu_ItemCursorDown,$C1,Battle menu,readable,6c5817eb0f1a,"Down/Right in the item list: increment !BattleMenu_ItemRow (max 2), scrolling the list down via ItemListScrollDown when already at the bottom row."
$C1:151C,$C1:1536,27,BattleMenu_ItemListPageDown,$C1,Battle menu,readable,dc9e45f83c8c,"Page-down button: page the item list down 3 rows at once, clamped at scroll position $FA."
$C1:1537,$C1:154A,20,BattleMenu_ItemListPageUp,$C1,Battle menu,readable,095d48289e5a,"Page-up button: page the item list up 3 rows at once, clamped at 0."
$C1:154B,$C1:1560,22,BattleMenu_ItemListRefresh,$C1,Battle menu,readable,53a318471704,"Re-renders the item list rows and invalidates both draw caches when !BattleMenu_ItemRefresh is set, clearing it."
$C1:1561,$C1:1619,185,BattleMenu_TargetSelectInput,$C1,Battle menu,readable,c44a89f13631,Per-frame input handler while target selection runs (entered from BattleMenu_ProcessInput when !BattleMenu_TargetSelect != 0).
$C1:161A,$C1:174D,308,BattleMenu_CommitAction,$C1,Battle menu,readable,773630a71b5b,
$C1:174E,$C1:176B,30,BattleMenu_ConsumePartnerSlot,$C1,Battle menu,readable,0fc7c2b64242,"Removes PC slot !BattleMenu_PartnerArg from the ready state as part of committing a double/triple tech: if it's in the roster, decrements !BattleMenu_ReadyCount; either way marks its roster entry empt"
$C1:176C,$C1:1785,26,BattleMenu_TargetNext,$C1,Battle menu,readable,1520bd8f8ca9,"Right/Down while cycling targets: advance !BattleTgt_Cursor (wrap at 11), skipping empty candidate entries, and select the battler it lands on (!BattleTgt_Selected)."
$C1:1786,$C1:179B,22,BattleMenu_TargetPrev,$C1,Battle menu,readable,9d1581f02093,Left/Up while cycling targets: mirror of TargetNext — steps !BattleTgt_Cursor back (wrap to 10) instead.
$C1:179C,$C1:17A0,5,Battle_ZeroResultEE,$C1,Battle engine,readable,d4da510714e8,Clears both pad-edge bytes and returns.
$C1:17A1,$C1:17B0,16,BattleMenu_ItemListScrollUp,$C1,Battle menu,readable,5ffa538a73e4,"Scrolls the item list up one row: decrements !BattleMenu_ItemScroll (min 0), then re-renders and invalidates both draw caches (row cursor, arrows)."
$C1:17B1,$C1:17B2,2,BattleMenu_ItemListScrollUp_SetScroll,$C1,Battle menu,readable,06672cd2c585,
$C1:17B3,$C1:17B5,3,BattleMenu_ItemListScrollUp_RenderTail,$C1,Battle menu,readable,f325bfe623ce,
$C1:17B6,$C1:17BE,9,BattleMenu_ItemListScrollUp_SkipRender,$C1,Battle menu,readable,eb342fca8940,
$C1:17BF,$C1:17D0,18,BattleMenu_ItemListScrollDown,$C1,Battle menu,readable,ae3f94528b01,"Scrolls the item list down one row: increments !BattleMenu_ItemScroll (clamped at $FA), then re-renders and invalidates both draw caches."
$C1:17D1,$C1:17D3,3,BattleMenu_ItemListScrollDown_RenderTail,$C1,Battle menu,readable,1cb83529e976,
$C1:17D4,$C1:17DC,9,BattleMenu_ItemListScrollDown_SkipRender,$C1,Battle menu,readable,8fd52349042c,
$C1:17DD,$C1:1B18,828,BattleMenu_UpdateCursorOverlay,$C1,Battle menu,readable,1509fe91a1cd,
$C1:1B19,$C1:1B54,60,BattleMenu_EnqueueReadyBattler,$C1,Battle menu,readable,f688eae2b844,"Service 1 of the cross-bank $C10045 service API (dispatch table at $C10051: service 0 -> $0023, 1 -> here, 2 -> RemoveBattlerFromReady)."
$C1:1B55,$C1:1B66,18,Battle_StopSfx,$C1,Battle engine,readable,1303622ecc15,APU command !Sfx_CmdPlay with sound id 0 (mirrors bank $C0's Sub_1B90 pattern): fills !Sfx_Command/!Sfx_Param1/!Sfx_Param2 and calls the audio driver entry.
$C1:1B67,$C1:1BA9,67,BattleMenu_DequeueReadyBattler,$C1,Battle menu,readable,8a5f56d7dbd1,"Pops the head of !BattleMenu_ReadyQueue (up to 3 deep, count in !BattleMenu_ReadyQueueLen) into the roster: clears its !Battle_Unk9F38, restores its tech-list cursor (!Pc_SavedTechRow / SavedTechScrol"
$C1:1BAA,$C1:1C39,144,BattleMenu_RemoveBattlerFromReady,$C1,Battle menu,readable,000e4498299a,
$C1:1C3A,$C1:1C49,16,BattleMenu_LoadCommandWindowMap,$C1,Battle menu,readable,63e695d2cf70,"Copies the $180-byte command window map (!BattleRom_CommandWindowMap, bank $D1) into !BattleMenu_WindowMap."
$C1:1F79,$C1:1FDC,100,BattleMenu_BuildTargetList,$C1,Battle menu,readable,370003c6724c,"Records the requesting PC (!BattleTgt_Caster), resets the selection state (!BattleTgt_Result/CanCycle/TargetAll, two Unk bytes) and blanks !BattleTgt_Candidates and !BattleTgt_Selected (indices 0-11) "
$C1:1FDD,$C1:1FE9,13,BattleTgt_RunAreaQuery,$C1,Battle targeting,readable,d5414d1313f6,Service 7 of the cross-bank $C10045 service API (dispatch table at $C10051).
$C1:1FEA,$C1:1FF7,14,BattleTgt_AreaTable,$C1,Battle targeting,readable,416781e91cd3,
$C1:1FF8,$C1:2039,66,BattleTgt_ModeTable,$C1,Battle targeting,readable,73c7adf577db,"Target-mode handler table, indexed by (!BattleTgt_Mode & $7F) clamped to $20, called from BattleMenu_BuildTargetList."
$C1:203A,$C1:2044,11,BattleTgt_SingleAlly,$C1,Battle targeting,readable,a80552553b02,
$C1:2045,$C1:2099,85,BattleTgt_CollectValidTargets,$C1,Battle targeting,readable,96ac25da6792,
$C1:209A,$C1:20A8,15,BattleTgt_AllAllies,$C1,Battle targeting,readable,bb0a039a9fb1,
$C1:20A9,$C1:20B5,13,BattleTgt_SingleEnemy,$C1,Battle targeting,readable,d7b0832a91ce,cursor may cycle.
$C1:20B6,$C1:20C5,16,BattleTgt_AllEnemies,$C1,Battle targeting,readable,4068114a1e2c,
$C1:20C6,$C1:20D5,16,BattleTgt_Everyone,$C1,Battle targeting,readable,325270c7fd4c,
$C1:20D6,$C1:20DF,10,BattleTgt_Self,$C1,Battle targeting,readable,1229362f6814,
$C1:20E0,$C1:2135,86,BattleTgt_SingleKoAlly,$C1,Battle targeting,readable,ec3b7929c524,"Lists the PCs whose BattlerStats.Status has bit 7 set — by context, KO'd allies, i.e."
$C1:2136,$C1:2139,4,BattleTgt_PcByCharId5,$C1,Battle targeting,readable,09b11d823a24,
$C1:213A,$C1:2162,41,BattleTgt_FindPcByCharId,$C1,Battle targeting,readable,1098ffd7d8a1,
$C1:2163,$C1:2168,6,BattleTgt_PcByCharId4,$C1,Battle targeting,readable,802ebaf499ef,
$C1:2169,$C1:21AE,70,BattleTgt_EnemyLineFromCaster,$C1,Battle targeting,readable,39829f34de8f,
$C1:21AF,$C1:2202,84,BattleTgt_EnemyLineFromChar3,$C1,Battle targeting,readable,b4db906d7b2f,but the source is the party member with id 3 (no-op if absent)
$C1:2203,$C1:224A,72,BattleTgt_EnemyLineFromCaster2,$C1,Battle targeting,readable,310b8624a3b4,EnemyLineFromCaster with !BattleTgt_AreaVariant = 1
$C1:224B,$C1:225E,20,BattleTgt_CasterRadius,$C1,Battle targeting,readable,989da4fd5427,the caster
$C1:225F,$C1:22A3,69,BattleTgt_EnemyRadius,$C1,Battle targeting,readable,5d522db9a41a,"chosen enemy; size $19 for mode $1A, else $09"
$C1:22A4,$C1:22D2,47,BattleTgt_Char3Radius,$C1,Battle targeting,readable,7ff53938ff08,"member id 3; size $19 for mode $14, else $10"
$C1:22D3,$C1:22F4,34,BattleTgt_Char6Radius,$C1,Battle targeting,readable,5cb61420eafe,party member id 6
$C1:22F5,$C1:2328,52,BattleTgt_EnemyRow,$C1,Battle targeting,readable,d1d322b961be,chosen enemy as anchor for BattleTgt_AreaRow (a +/-$20 band around the anchor's !Battler_ScreenY)
$C1:2329,$C1:2331,9,BattleTgt_PartyTriangle,$C1,Battle targeting,readable,ca0564ee6e56,the triangle formed by the three PCs (BattleTgt_AreaPartyTriangle)
$C1:2332,$C1:23A3,114,BattleTgt_AreaRow,$C1,Battle targeting,readable,a173d9ac5b74,
$C1:23A4,$C1:25A2,511,BattleTgt_AreaPartyTriangle,$C1,Battle targeting,readable,521edefc3839,
$C1:25A3,$C1:2700,350,BattleTgt_AreaLine,$C1,Battle targeting,readable,8d71f509ea53,
$C1:2701,$C1:27AC,172,BattleTgt_AreaCircle,$C1,Battle targeting,readable,f58809f21956,
$C1:27AD,$C1:27C4,24,BattleTgt_AreaAddAnchor,$C1,Battle targeting,readable,57cb2a500659,
$C1:27C5,$C1:27D8,20,BattleTgt_CompactCandidates,$C1,Battle targeting,readable,297f368db483,"front slot is empty (requester wasn't eligible), shift the list left by one."
$C1:27D9,$C1:27E7,15,BattleTgt_ClearLists,$C1,Battle targeting,readable,0c837bc5a8d0,"and selection lists (12 entries each, one more than they use)"
$C1:27E8,$C1:27F9,18,BattleTgt_SelectAllCandidates,$C1,Battle targeting,readable,517f42723875,target-all and copy the 11 candidates into the selection list
$C1:27FA,$C1:2813,26,BattleTgt_CycleNext,$C1,Battle targeting,readable,4bf390c0b14f,next non-empty candidate (wrap at 11); no-op on an empty list.
$C1:2814,$C1:282C,25,BattleTgt_CyclePrev,$C1,Battle targeting,readable,792ad88ca277,
$C1:282D,$C1:283C,16,BattleTgt_AnyCandidate,$C1,Battle targeting,readable,1cdd1a452798,"candidate slots are $FF, Z=0 as soon as one isn't"
$FD:C000,$FD:C0D6,215,MainInit,$FD,Boot,readable,126b9ae7a4c7,Called via: JML from Reset ($00:FF03)
